{
    "timedate": "2023-08-10T13:31:45.618545",
    "workout": "pettobi",
    "n_workout": 11,
    "S_pause": [
        60,
        40
    ],
    "S_nomi": [
        "Pulley",
        "2\u00b0 Esercizio"
    ],
    "S_reps": [
        "/",
        "/"
    ],
    "S_serie": [
        2,
        2
    ],
    "ultimi_allenamenti": [
        [
            15.712141552001412,
            15.335134152002865,
            28.888196097999753,
            28.888196097999753
        ],
        [
            1.4722245399971143,
            6.090520960999129,
            15.7792866420059,
            15.7792866420059
        ],
        [
            2.0890027950008516,
            5.109194923003088,
            4.651986789001967,
            4.651986789001967
        ],
        [
            2.9769674749986734,
            46.387837160000345
        ],
        [
            3.539132896999945,
            14.85666920600488,
            23.126639511996473,
            23.126639511996473
        ],
        [
            4.775851836995571,
            18.99456915599876,
            19.057760686999245,
            19.057760686999245
        ],
        [
            40.16389089499717,
            10.936781377000443,
            9.07797328900051,
            9.07797328900051
        ],
        [
            3.4084907440046663,
            13.246030506998068,
            3.089599476996227,
            3.089599476996227
        ],
        [
            23.16238818599959,
            5.145508452005743,
            7.276685498996812,
            7.276685498996812
        ],
        [
            7.2182672420021845,
            2.1939328169974033,
            2.199298498999269,
            2.199298498999269
        ],
        [
            4.31547085100101,
            13.970927932999984,
            36.218696248000924,
            36.218696248000924
        ]
    ],
    "current": [
        4.31547085100101,
        13.970927932999984,
        36.218696248000924,
        36.218696248000924
    ]
}