{
    "timedate": "2023-08-23T10:36:49.644772",
    "workout": "addominali",
    "n_workout": 8,
    "S_pause": [
        45,
        30
    ],
    "S_nomi": [
        "Leg raises panca decl.",
        "Crunch abs"
    ],
    "S_reps": [
        "1 minuto",
        "/"
    ],
    "S_serie": [
        4,
        4
    ],
    "ultimi_allenamenti": [
        [
            69.86692772199967,
            116.30180789100268,
            92.89325035700313,
            150.02165676799996,
            88.14877706500192,
            73.10134487200048,
            70.79218020700137,
            70.79218020700137
        ],
        [
            69.86692772199967,
            116.30180789100268,
            92.89325035700313,
            150.02165676799996,
            88.14877706500192,
            73.10134487200048,
            70.79218020700137,
            70.79218020700137
        ],
        [
            172.927841643992,
            110.22622492699884,
            99.7130713959923,
            120.10137052500795,
            111.98818929199479,
            68.39667533700413,
            71.21153765400231,
            71.21153765400231
        ]
    ],
    "current": [
        6.576782350020949,
        0.635096515994519,
        1.610887931950856,
        1.6045336509705521,
        1.583642138983123,
        1.588104571972508,
        1.6880335270543583,
        1.6880335270543583
    ]
}