{
    "timedate": "2023-08-22T10:22:26.110461",
    "workout": "addominali",
    "n_workout": 11,
    "S_pause": [
        45,
        30
    ],
    "S_nomi": [
        "Leg raises panca decl.",
        "Crunch abs"
    ],
    "S_reps": [
        "1 minuto",
        "/"
    ],
    "S_serie": [
        4,
        4
    ],
    "ultimi_allenamenti": [
        [
            69.86692772199967,
            116.30180789100268,
            92.89325035700313,
            150.02165676799996,
            88.14877706500192,
            73.10134487200048,
            70.79218020700137,
            70.79218020700137
        ],
        [
            69.86692772199967,
            116.30180789100268,
            92.89325035700313,
            150.02165676799996,
            88.14877706500192,
            73.10134487200048,
            70.79218020700137,
            70.79218020700137
        ],
        [
            172.927841643992,
            110.22622492699884,
            99.7130713959923,
            120.10137052500795,
            111.98818929199479,
            68.39667533700413,
            71.21153765400231,
            71.21153765400231
        ],
        [
            6.333640686003491,
            17.039269328000955,
            2.063266706012655,
            0.9819816700182855,
            2.0920936860493384,
            3.019290650030598,
            1.9718755339854397,
            1.9718755339854397
        ],
        [
            6.09860462800134,
            5.217194586992264,
            3.0091664339997806,
            2.273576128005516,
            1.9890274140052497,
            1.9302337580011226,
            2.046236084017437,
            2.046236084017437
        ],
        [
            7.908759201003704,
            0.8512970760348253,
            4.58141283103032,
            2.2461135160410777,
            2.031917218992021,
            2.0545038760174066,
            0.9771438540192321,
            0.9771438540192321
        ]
    ],
    "current": [
        19.219596832001116,
        1.541313497000374,
        1.6010914910002612,
        1.6010914910002612,
        3.553693970956374,
        2.5754309709882364,
        1.4954254280310124
    ]
}